gene	cell_A1	cell_A2	cell_A3	cell_A4	cell_B1	cell_B2	cell_B3	cell_B4	cell_C1	cell_C2	cell_C3	cell_C4
TF_A	2.10	1.90	2.20	2.00	0.50	0.60	0.40	0.70	1.00	0.90	1.10	0.80
TF_B	0.40	0.50	0.30	0.60	2.20	2.00	2.10	1.90	0.70	0.80	0.60	0.90
TF_C	0.80	0.70	0.90	0.60	0.60	0.50	0.70	0.40	2.30	2.10	2.20	2.00
GENE_1	1.90	1.78	2.01	1.87	0.92	0.96	0.83	1.01	1.28	1.24	1.32	1.20
GENE_2	0.72	0.81	0.61	0.89	1.95	1.82	1.90	1.75	0.94	1.03	0.85	1.10
GENE_3	1.00	0.91	1.09	0.80	0.79	0.70	0.88	0.61	2.06	1.91	2.00	1.84
GENE_4	1.24	1.19	1.28	1.22	1.41	1.39	1.37	1.44	1.16	1.15	1.17	1.13
GENE_5	1.60	1.47	1.72	1.42	1.26	1.22	1.30	1.16	2.08	1.92	2.10	1.82
GENE_6	0.90	0.91	0.89	0.92	1.43	1.34	1.39	1.31	1.29	1.31	1.26	1.35
